paper_id,paper_link
1004572,https://doi.org/10.1109/jssc.2002.1004572
1004575,https://ieeexplore.ieee.org/document/1004575/
1004576,https://ieeexplore.ieee.org/document/1004576/
1004580,https://ieeexplore.ieee.org/document/1004580/
1004582,https://ieeexplore.ieee.org/document/1004582/
1004583,https://ieeexplore.ieee.org/document/1004583/
1015676,https://ieeexplore.ieee.org/document/1015676/
1015678,https://ieeexplore.ieee.org/document/1015678/
1015679,https://ieeexplore.ieee.org/document/1015679/
1015680,https://ieeexplore.ieee.org/document/1015680/
1015681,https://ieeexplore.ieee.org/document/1015681/
1015682,https://ieeexplore.ieee.org/document/1015682/
1015683,https://ieeexplore.ieee.org/document/1015683/
1015685,https://ieeexplore.ieee.org/document/1015685/
1015686,https://ieeexplore.ieee.org/document/1015686/
1015687,https://ieeexplore.ieee.org/document/1015687/
1015688,https://ieeexplore.ieee.org/document/1015688/
1015689,https://ieeexplore.ieee.org/document/1015689/
1015696,https://ieeexplore.ieee.org/document/1015696/
1020235,https://ieeexplore.ieee.org/document/1020235/
1020237,https://ieeexplore.ieee.org/document/1020237/
1020238,https://ieeexplore.ieee.org/document/1020238/
1020239,https://ieeexplore.ieee.org/document/1020239/
1020240,https://ieeexplore.ieee.org/document/1020240/
1020241,https://ieeexplore.ieee.org/document/1020241/
1020246,https://ieeexplore.ieee.org/document/1020246/
1028086,https://ieeexplore.ieee.org/document/1028086/
1028091,https://ieeexplore.ieee.org/document/1028091/
1028092,https://ieeexplore.ieee.org/document/1028092/
1028093,https://ieeexplore.ieee.org/document/1028093/
1028096,https://ieeexplore.ieee.org/document/1028096/
1028097,https://ieeexplore.ieee.org/document/1028097/
1028100,https://ieeexplore.ieee.org/document/1028100/
1035935,https://ieeexplore.ieee.org/document/1035935/
1035941,https://ieeexplore.ieee.org/document/1035941/
1035943,https://ieeexplore.ieee.org/document/1035943/
1035945,https://ieeexplore.ieee.org/document/1035945/
1035952,https://ieeexplore.ieee.org/document/1035952/
1035954,https://ieeexplore.ieee.org/document/1035954/
10454417,https://ieeexplore.ieee.org/document/10454417/
10454560,https://ieeexplore.ieee.org/document/10454560/
10454566,https://ieeexplore.ieee.org/document/10454566/
1046080,https://ieeexplore.ieee.org/document/1046080/
1046082,https://ieeexplore.ieee.org/document/1046082/
1088088,https://ieeexplore.ieee.org/document/1088088/
1088089,https://ieeexplore.ieee.org/document/1088089/
1088093,https://ieeexplore.ieee.org/document/1088093/
1088096,https://ieeexplore.ieee.org/document/1088096/
1088099,https://ieeexplore.ieee.org/document/1088099/
1088100,https://ieeexplore.ieee.org/document/1088100/
1088101,https://ieeexplore.ieee.org/document/1088101/
1088105,https://ieeexplore.ieee.org/document/1088105/
1088106,https://ieeexplore.ieee.org/document/1088106/
1088108,https://ieeexplore.ieee.org/document/1088108/
1088113,https://ieeexplore.ieee.org/document/1088113/
1088114,https://ieeexplore.ieee.org/document/1088114/
1088115,https://ieeexplore.ieee.org/document/1088115/
1088116,https://ieeexplore.ieee.org/document/1088116/
1088118,https://ieeexplore.ieee.org/document/1088118/
1158776,https://ieeexplore.ieee.org/document/1158776/
1158777,https://ieeexplore.ieee.org/document/1158777/
1158778,https://ieeexplore.ieee.org/document/1158778/
1158779,https://ieeexplore.ieee.org/document/1158779/
1158780,https://ieeexplore.ieee.org/document/1158780/
1158782,https://ieeexplore.ieee.org/document/1158782/
1158783,https://ieeexplore.ieee.org/document/1158783/
1158784,https://ieeexplore.ieee.org/document/1158784/
1158785,https://ieeexplore.ieee.org/document/1158785/
1158790,https://ieeexplore.ieee.org/document/1158790/
1158791,https://ieeexplore.ieee.org/document/1158791/
1158792,https://ieeexplore.ieee.org/document/1158792/
1158795,https://ieeexplore.ieee.org/document/1158795/
1175495,https://ieeexplore.ieee.org/document/1175495/
1175496,https://ieeexplore.ieee.org/document/1175496/
1175498,https://ieeexplore.ieee.org/document/1175498/
1175501,https://ieeexplore.ieee.org/document/1175501/
1175502,https://ieeexplore.ieee.org/document/1175502/
1175507,https://ieeexplore.ieee.org/document/1175507/
1175509,https://ieeexplore.ieee.org/document/1175509/
1175514,https://ieeexplore.ieee.org/document/1175514/
1175515,https://ieeexplore.ieee.org/document/1175515/
1175519,https://ieeexplore.ieee.org/document/1175519/
1175520,https://ieeexplore.ieee.org/document/1175520/
1175522,https://ieeexplore.ieee.org/document/1175522/
1183846,https://ieeexplore.ieee.org/document/1183846/
1183855,https://ieeexplore.ieee.org/document/1183855/
1183856,https://ieeexplore.ieee.org/document/1183856/
1183858,https://ieeexplore.ieee.org/document/1183858/
1183860,https://ieeexplore.ieee.org/document/1183860/
1183872,https://ieeexplore.ieee.org/document/1183872/
1190593,https://ieeexplore.ieee.org/document/1190593/
1190594,https://ieeexplore.ieee.org/document/1190594/
1190595,https://ieeexplore.ieee.org/document/1190595/
1190596,https://ieeexplore.ieee.org/document/1190596/
1190599,https://ieeexplore.ieee.org/document/1190599/
1190602,https://ieeexplore.ieee.org/document/1190602/
1190604,https://ieeexplore.ieee.org/document/1190604/
1190605,https://ieeexplore.ieee.org/document/1190605/
1196212,https://ieeexplore.ieee.org/document/1196212/
1196224,https://ieeexplore.ieee.org/document/1196224/
1196226,https://ieeexplore.ieee.org/document/1196226/
1196227,https://ieeexplore.ieee.org/document/1196227/
1196228,https://ieeexplore.ieee.org/document/1196228/
1201986,https://ieeexplore.ieee.org/document/1201986/
1201987,https://ieeexplore.ieee.org/document/1201987/
1201988,https://ieeexplore.ieee.org/document/1201988/
1201990,https://ieeexplore.ieee.org/document/1201990/
1201993,https://ieeexplore.ieee.org/document/1201993/
1201994,https://ieeexplore.ieee.org/document/1201994/
1201996,https://ieeexplore.ieee.org/document/1201996/
1201997,https://ieeexplore.ieee.org/document/1201997/
1201998,https://ieeexplore.ieee.org/document/1201998/
1202000,https://ieeexplore.ieee.org/document/1202000/
1202001,https://ieeexplore.ieee.org/document/1202001/
1202002,https://ieeexplore.ieee.org/document/1202002/
1202003,https://ieeexplore.ieee.org/document/1202003/
1202004,https://ieeexplore.ieee.org/document/1202004/
1202007,https://ieeexplore.ieee.org/document/1202007/
1202008,https://ieeexplore.ieee.org/document/1202008/
1202009,https://ieeexplore.ieee.org/document/1202009/
1202010,https://ieeexplore.ieee.org/document/1202010/
1202011,https://ieeexplore.ieee.org/document/1202011/
1202012,https://ieeexplore.ieee.org/document/1202012/
1208457,https://ieeexplore.ieee.org/document/1208457/
1208458,https://ieeexplore.ieee.org/document/1208458/
1208460,https://ieeexplore.ieee.org/document/1208460/
1208462,https://ieeexplore.ieee.org/document/1208462/
1208463,https://ieeexplore.ieee.org/document/1208463/
1208464,https://ieeexplore.ieee.org/document/1208464/
1208465,https://ieeexplore.ieee.org/document/1208465/
1208466,https://ieeexplore.ieee.org/document/1208466/
1208467,https://ieeexplore.ieee.org/document/1208467/
1208468,https://ieeexplore.ieee.org/document/1208468/
1208469,https://ieeexplore.ieee.org/document/1208469/
1208471,https://ieeexplore.ieee.org/document/1208471/
1208477,https://ieeexplore.ieee.org/document/1208477/
1208478,https://ieeexplore.ieee.org/document/1208478/
1208480,https://ieeexplore.ieee.org/document/1208480/
1208481,https://ieeexplore.ieee.org/document/1208481/
1208485,https://ieeexplore.ieee.org/document/1208485/
1214723,https://ieeexplore.ieee.org/document/1214723/
1214724,https://ieeexplore.ieee.org/document/1214724/
1214725,https://ieeexplore.ieee.org/document/1214725/
1214727,https://ieeexplore.ieee.org/document/1214727/
1214728,https://ieeexplore.ieee.org/document/1214728/
1214729,https://ieeexplore.ieee.org/document/1214729/
1214730,https://ieeexplore.ieee.org/document/1214730/
1214738,https://ieeexplore.ieee.org/document/1214738/
1225787,https://ieeexplore.ieee.org/document/1225787/
1225789,https://ieeexplore.ieee.org/document/1225789/
1225792,https://ieeexplore.ieee.org/document/1225792/
1225793,https://ieeexplore.ieee.org/document/1225793/
1225794,https://ieeexplore.ieee.org/document/1225794/
1225795,https://ieeexplore.ieee.org/document/1225795/
1225800,https://ieeexplore.ieee.org/document/1225800/
1225801,https://ieeexplore.ieee.org/document/1225801/
1225803,https://ieeexplore.ieee.org/document/1225803/
1233740,https://ieeexplore.ieee.org/document/1233740/
1233743,https://ieeexplore.ieee.org/document/1233743/
1233745,https://ieeexplore.ieee.org/document/1233745/
1233748,https://ieeexplore.ieee.org/document/1233748/
1233750,https://ieeexplore.ieee.org/document/1233750/
1233752,https://ieeexplore.ieee.org/document/1233752/
1233753,https://ieeexplore.ieee.org/document/1233753/
1233754,https://ieeexplore.ieee.org/document/1233754/
1233757,https://ieeexplore.ieee.org/document/1233757/
1233778,https://ieeexplore.ieee.org/document/1233778/
1233786,https://ieeexplore.ieee.org/document/1233786/
1233790,https://ieeexplore.ieee.org/document/1233790/
1233801,https://ieeexplore.ieee.org/document/1233801/
1234243,https://ieeexplore.ieee.org/document/1234243/
1240958,https://ieeexplore.ieee.org/document/1240958/
1240960,https://ieeexplore.ieee.org/document/1240960/
1240961,https://ieeexplore.ieee.org/document/1240961/
1240967,https://ieeexplore.ieee.org/document/1240967/
1253848,https://ieeexplore.ieee.org/document/1253848/
1253849,https://ieeexplore.ieee.org/document/1253849/
1253852,https://ieeexplore.ieee.org/document/1253852/
1253861,https://ieeexplore.ieee.org/document/1253861/
1253863,https://ieeexplore.ieee.org/document/1253863/
1253866,https://ieeexplore.ieee.org/document/1253866/
1253869,https://ieeexplore.ieee.org/document/1253869/
1253870,https://ieeexplore.ieee.org/document/1253870/
1253873,https://ieeexplore.ieee.org/document/1253873/
1253880,https://ieeexplore.ieee.org/document/1253880/
1261283,https://ieeexplore.ieee.org/document/1261283/
1261285,https://ieeexplore.ieee.org/document/1261285/
1261286,https://ieeexplore.ieee.org/document/1261286/
1261287,https://ieeexplore.ieee.org/document/1261287/
1261292,https://ieeexplore.ieee.org/document/1261292/
1261293,https://ieeexplore.ieee.org/document/1261293/
1261295,https://ieeexplore.ieee.org/document/1261295/
1261302,https://ieeexplore.ieee.org/document/1261302/
1261304,https://ieeexplore.ieee.org/document/1261304/
1261305,https://ieeexplore.ieee.org/document/1261305/
1261307,https://ieeexplore.ieee.org/document/1261307/
1263654,https://ieeexplore.ieee.org/document/1263654/
1263655,https://ieeexplore.ieee.org/document/1263655/
1263656,https://ieeexplore.ieee.org/document/1263656/
1263657,https://ieeexplore.ieee.org/document/1263657/
1263660,https://ieeexplore.ieee.org/document/1263660/
1263663,https://ieeexplore.ieee.org/document/1263663/
1263664,https://ieeexplore.ieee.org/document/1263664/
1269916,https://ieeexplore.ieee.org/document/1269916/
1269917,https://ieeexplore.ieee.org/document/1269917/
1269919,https://ieeexplore.ieee.org/document/1269919/
1269921,https://ieeexplore.ieee.org/document/1269921/
1269930,https://ieeexplore.ieee.org/document/1269930/
1269931,https://ieeexplore.ieee.org/document/1269931/
1269932,https://ieeexplore.ieee.org/document/1269932/
1278572,https://ieeexplore.ieee.org/document/1278572/
1278573,https://ieeexplore.ieee.org/document/1278573/
1278574,https://ieeexplore.ieee.org/document/1278574/
1278576,https://ieeexplore.ieee.org/document/1278576/
1278577,https://ieeexplore.ieee.org/document/1278577/
1278592,https://ieeexplore.ieee.org/document/1278592/
1291678,https://ieeexplore.ieee.org/document/1291678/
1291682,https://ieeexplore.ieee.org/document/1291682/
1302263,https://ieeexplore.ieee.org/document/1302263/
1302265,https://ieeexplore.ieee.org/document/1302265/
1302269,https://ieeexplore.ieee.org/document/1302269/
1302270,https://ieeexplore.ieee.org/document/1302270/
1302273,https://ieeexplore.ieee.org/document/1302273/
1302275,https://ieeexplore.ieee.org/document/1302275/
1302276,https://ieeexplore.ieee.org/document/1302276/
1308573,https://ieeexplore.ieee.org/document/1308573/
1308576,https://ieeexplore.ieee.org/document/1308576/
1308577,https://ieeexplore.ieee.org/document/1308577/
1308580,https://ieeexplore.ieee.org/document/1308580/
1308581,https://ieeexplore.ieee.org/document/1308581/
1308582,https://ieeexplore.ieee.org/document/1308582/
1308588,https://ieeexplore.ieee.org/document/1308588/
1308589,https://ieeexplore.ieee.org/document/1308589/
1308592,https://ieeexplore.ieee.org/document/1308592/
1308593,https://ieeexplore.ieee.org/document/1308593/
1308594,https://ieeexplore.ieee.org/document/1308594/
1308598,https://ieeexplore.ieee.org/document/1308598/
1308600,https://ieeexplore.ieee.org/document/1308600/
1317046,https://ieeexplore.ieee.org/document/1317046/
1317050,https://ieeexplore.ieee.org/document/1317050/
1317054,https://ieeexplore.ieee.org/document/1317054/
1317055,https://ieeexplore.ieee.org/document/1317055/
1317064,https://ieeexplore.ieee.org/document/1317064/
1327738,https://ieeexplore.ieee.org/document/1327738/
1327741,https://ieeexplore.ieee.org/document/1327741/
1327745,https://ieeexplore.ieee.org/document/1327745/
1327752,https://ieeexplore.ieee.org/document/1327752/
1332596,https://ieeexplore.ieee.org/document/1332596/
1332612,https://ieeexplore.ieee.org/document/1332612/
1332648,https://ieeexplore.ieee.org/document/1332648/
1332650,https://ieeexplore.ieee.org/document/1332650/
1332654,https://ieeexplore.ieee.org/document/1332654/
1332655,https://ieeexplore.ieee.org/document/1332655/
1332656,https://ieeexplore.ieee.org/document/1332656/
1332660,https://ieeexplore.ieee.org/document/1332660/
1336990,https://ieeexplore.ieee.org/document/1336990/
1336991,https://ieeexplore.ieee.org/document/1336991/
1336992,https://ieeexplore.ieee.org/document/1336992/
1336994,https://ieeexplore.ieee.org/document/1336994/
1336995,https://ieeexplore.ieee.org/document/1336995/
1336996,https://ieeexplore.ieee.org/document/1336996/
1336997,https://ieeexplore.ieee.org/document/1336997/
1336998,https://ieeexplore.ieee.org/document/1336998/
1336999,https://ieeexplore.ieee.org/document/1336999/
1337000,https://ieeexplore.ieee.org/document/1337000/
1337002,https://ieeexplore.ieee.org/document/1337002/
1337005,https://ieeexplore.ieee.org/document/1337005/
1337009,https://ieeexplore.ieee.org/document/1337009/
1347311,https://ieeexplore.ieee.org/document/1347311/
1347312,https://ieeexplore.ieee.org/document/1347312/
1347313,https://ieeexplore.ieee.org/document/1347313/
1347317,https://ieeexplore.ieee.org/document/1347317/
1347318,https://ieeexplore.ieee.org/document/1347318/
1347321,https://ieeexplore.ieee.org/document/1347321/
1347325,https://ieeexplore.ieee.org/document/1347325/
1347326,https://ieeexplore.ieee.org/document/1347326/
1347327,https://ieeexplore.ieee.org/document/1347327/
1347329,https://ieeexplore.ieee.org/document/1347329/
1347332,https://ieeexplore.ieee.org/document/1347332/
1347335,https://ieeexplore.ieee.org/document/1347335/
1347341,https://ieeexplore.ieee.org/document/1347341/
1362821,https://ieeexplore.ieee.org/document/1362821/
1362823,https://ieeexplore.ieee.org/document/1362823/
1362825,https://ieeexplore.ieee.org/document/1362825/
1362827,https://ieeexplore.ieee.org/document/1362827/
1362829,https://ieeexplore.ieee.org/document/1362829/
1362830,https://ieeexplore.ieee.org/document/1362830/
1362831,https://ieeexplore.ieee.org/document/1362831/
1362832,https://ieeexplore.ieee.org/document/1362832/
1362833,https://ieeexplore.ieee.org/document/1362833/
1362834,https://ieeexplore.ieee.org/document/1362834/
1362835,https://ieeexplore.ieee.org/document/1362835/
1362837,https://ieeexplore.ieee.org/document/1362837/
1362839,https://ieeexplore.ieee.org/document/1362839/
1362840,https://ieeexplore.ieee.org/document/1362840/
1362842,https://ieeexplore.ieee.org/document/1362842/
1362844,https://ieeexplore.ieee.org/document/1362844/
1362845,https://ieeexplore.ieee.org/document/1362845/
1362846,https://ieeexplore.ieee.org/document/1362846/
1362847,https://ieeexplore.ieee.org/document/1362847/
1362849,https://ieeexplore.ieee.org/document/1362849/
1374990,https://ieeexplore.ieee.org/document/1374990/
1374999,https://ieeexplore.ieee.org/document/1374999/
1375007,https://ieeexplore.ieee.org/document/1375007/
1388625,https://ieeexplore.ieee.org/document/1388625/
1388626,https://ieeexplore.ieee.org/document/1388626/
1388627,https://ieeexplore.ieee.org/document/1388627/
1388629,https://ieeexplore.ieee.org/document/1388629/
1388630,https://ieeexplore.ieee.org/document/1388630/
1388631,https://ieeexplore.ieee.org/document/1388631/
1388632,https://ieeexplore.ieee.org/document/1388632/
1388636,https://ieeexplore.ieee.org/document/1388636/
1388640,https://ieeexplore.ieee.org/document/1388640/
1388641,https://ieeexplore.ieee.org/document/1388641/
1388644,https://ieeexplore.ieee.org/document/1388644/
1388645,https://ieeexplore.ieee.org/document/1388645/
1388647,https://ieeexplore.ieee.org/document/1388647/
1408078,https://ieeexplore.ieee.org/document/1408078/
1408079,https://ieeexplore.ieee.org/document/1408079/
1408080,https://ieeexplore.ieee.org/document/1408080/
1408081,https://ieeexplore.ieee.org/document/1408081/
1408082,https://ieeexplore.ieee.org/document/1408082/
1408085,https://ieeexplore.ieee.org/document/1408085/
1408087,https://ieeexplore.ieee.org/document/1408087/
1408088,https://ieeexplore.ieee.org/document/1408088/
1408090,https://ieeexplore.ieee.org/document/1408090/
1408091,https://ieeexplore.ieee.org/document/1408091/
1408094,https://ieeexplore.ieee.org/document/1408094/
1408098,https://ieeexplore.ieee.org/document/1408098/
1408101,https://ieeexplore.ieee.org/document/1408101/
1408102,https://ieeexplore.ieee.org/document/1408102/
1424213,https://ieeexplore.ieee.org/document/1424213/
1424225,https://ieeexplore.ieee.org/document/1424225/
1424227,https://ieeexplore.ieee.org/document/1424227/
1424228,https://ieeexplore.ieee.org/document/1424228/
1424229,https://ieeexplore.ieee.org/document/1424229/
1424230,https://ieeexplore.ieee.org/document/1424230/
1424232,https://ieeexplore.ieee.org/document/1424232/
1425712,https://ieeexplore.ieee.org/document/1425712/
1425713,https://ieeexplore.ieee.org/document/1425713/
1425715,https://ieeexplore.ieee.org/document/1425715/
1425716,https://ieeexplore.ieee.org/document/1425716/
1425717,https://ieeexplore.ieee.org/document/1425717/
1425718,https://ieeexplore.ieee.org/document/1425718/
1425723,https://ieeexplore.ieee.org/document/1425723/
1425724,https://ieeexplore.ieee.org/document/1425724/
1425726,https://ieeexplore.ieee.org/document/1425726/
1435599,https://ieeexplore.ieee.org/document/1435599/
1435600,https://ieeexplore.ieee.org/document/1435600/
1435601,https://ieeexplore.ieee.org/document/1435601/
1435602,https://ieeexplore.ieee.org/document/1435602/
1435603,https://ieeexplore.ieee.org/document/1435603/
1435604,https://ieeexplore.ieee.org/document/1435604/
1435605,https://ieeexplore.ieee.org/document/1435605/
1435606,https://ieeexplore.ieee.org/document/1435606/
1435608,https://ieeexplore.ieee.org/document/1435608/
1435610,https://ieeexplore.ieee.org/document/1435610/
1435611,https://ieeexplore.ieee.org/document/1435611/
1458984,https://ieeexplore.ieee.org/document/1458984/
1458985,https://ieeexplore.ieee.org/document/1458985/
1458986,https://ieeexplore.ieee.org/document/1458986/
1458988,https://ieeexplore.ieee.org/document/1458988/
1458989,https://ieeexplore.ieee.org/document/1458989/
1458990,https://ieeexplore.ieee.org/document/1458990/
1458993,https://ieeexplore.ieee.org/document/1458993/
1458994,https://ieeexplore.ieee.org/document/1458994/
1458996,https://ieeexplore.ieee.org/document/1458996/
1458999,https://ieeexplore.ieee.org/document/1458999/
1459001,https://ieeexplore.ieee.org/document/1459001/
1459004,https://ieeexplore.ieee.org/document/1459004/
1487603,https://ieeexplore.ieee.org/document/1487603/
1487604,https://ieeexplore.ieee.org/document/1487604/
1487605,https://ieeexplore.ieee.org/document/1487605/
1487606,https://ieeexplore.ieee.org/document/1487606/
1487607,https://ieeexplore.ieee.org/document/1487607/
1487609,https://ieeexplore.ieee.org/document/1487609/
1487610,https://ieeexplore.ieee.org/document/1487610/
1487611,https://ieeexplore.ieee.org/document/1487611/
1487614,https://ieeexplore.ieee.org/document/1487614/
1487616,https://ieeexplore.ieee.org/document/1487616/
1487619,https://ieeexplore.ieee.org/document/1487619/
1501976,https://ieeexplore.ieee.org/document/1501976/
1501984,https://ieeexplore.ieee.org/document/1501984/
1501985,https://ieeexplore.ieee.org/document/1501985/
1501987,https://ieeexplore.ieee.org/document/1501987/
1501988,https://ieeexplore.ieee.org/document/1501988/
1501990,https://ieeexplore.ieee.org/document/1501990/
1501994,https://ieeexplore.ieee.org/document/1501994/
1501998,https://ieeexplore.ieee.org/document/1501998/
1506887,https://ieeexplore.ieee.org/document/1506887/
1506888,https://ieeexplore.ieee.org/document/1506888/
1506889,https://ieeexplore.ieee.org/document/1506889/
1506892,https://ieeexplore.ieee.org/document/1506892/
1506898,https://ieeexplore.ieee.org/document/1506898/
1506899,https://ieeexplore.ieee.org/document/1506899/
1506903,https://ieeexplore.ieee.org/document/1506903/
1522552,https://ieeexplore.ieee.org/document/1522552/
1522555,https://ieeexplore.ieee.org/document/1522555/
1522556,https://ieeexplore.ieee.org/document/1522556/
1522557,https://ieeexplore.ieee.org/document/1522557/
1522559,https://ieeexplore.ieee.org/document/1522559/
1522561,https://ieeexplore.ieee.org/document/1522561/
1522565,https://ieeexplore.ieee.org/document/1522565/
1522566,https://ieeexplore.ieee.org/document/1522566/
1522567,https://ieeexplore.ieee.org/document/1522567/
1522568,https://ieeexplore.ieee.org/document/1522568/
1696036,https://ieeexplore.ieee.org/document/1696036/
1696038,https://ieeexplore.ieee.org/document/1696038/
1696057,https://ieeexplore.ieee.org/document/1696057/
1696094,https://ieeexplore.ieee.org/document/1696094/
1696101,https://ieeexplore.ieee.org/document/1696101/
1696119,https://ieeexplore.ieee.org/document/1696119/
1696120,https://ieeexplore.ieee.org/document/1696120/
22.925522,https://doi.org/10.1109/22.925522
5434019,https://ieeexplore.ieee.org/document/5434019/
5434034,https://ieeexplore.ieee.org/document/5434034/
5434037,https://ieeexplore.ieee.org/document/5434037/
5434038,https://ieeexplore.ieee.org/document/5434038/
5434054,https://ieeexplore.ieee.org/document/5434054/
5746401,https://ieeexplore.ieee.org/document/5746401/
5746404,https://ieeexplore.ieee.org/document/5746404/
5746407,https://ieeexplore.ieee.org/document/5746407/
5746408,https://ieeexplore.ieee.org/document/5746408/
6176872,https://ieeexplore.ieee.org/document/6176872/
6176877,https://ieeexplore.ieee.org/document/6176877/
6176938,https://ieeexplore.ieee.org/document/6176938/
6176951,https://ieeexplore.ieee.org/document/6176951/
6176963,https://ieeexplore.ieee.org/document/6176963/
6176972,https://ieeexplore.ieee.org/document/6176972/
6176973,https://ieeexplore.ieee.org/document/6176973/
6176977,https://ieeexplore.ieee.org/document/6176977/
6176978,https://ieeexplore.ieee.org/document/6176978/
6177025,https://ieeexplore.ieee.org/document/6177025/
6177032,https://ieeexplore.ieee.org/document/6177032/
6177091,https://ieeexplore.ieee.org/document/6177091/
6487625,https://ieeexplore.ieee.org/document/6487625/
6487638,https://ieeexplore.ieee.org/document/6487638/
6487639,https://ieeexplore.ieee.org/document/6487639/
6487642,https://ieeexplore.ieee.org/document/6487642/
6487646,https://ieeexplore.ieee.org/document/6487646/
6487651,https://ieeexplore.ieee.org/document/6487651/
6487653,https://ieeexplore.ieee.org/document/6487653/
6487655,https://ieeexplore.ieee.org/document/6487655/
6487656,https://ieeexplore.ieee.org/document/6487656/
6487663,https://ieeexplore.ieee.org/document/6487663/
6487669,https://ieeexplore.ieee.org/document/6487669/
6487670,https://ieeexplore.ieee.org/document/6487670/
6487680,https://ieeexplore.ieee.org/document/6487680/
6487688,https://ieeexplore.ieee.org/document/6487688/
6487691,https://ieeexplore.ieee.org/document/6487691/
6487724,https://ieeexplore.ieee.org/document/6487724/
6487727,https://ieeexplore.ieee.org/document/6487727/
6487733,https://ieeexplore.ieee.org/document/6487733/
6487736,https://ieeexplore.ieee.org/document/6487736/
6487739,https://ieeexplore.ieee.org/document/6487739/
6487751,https://ieeexplore.ieee.org/document/6487751/
6487753,https://ieeexplore.ieee.org/document/6487753/
6487763,https://ieeexplore.ieee.org/document/6487763/
6487765,https://ieeexplore.ieee.org/document/6487765/
6487767,https://ieeexplore.ieee.org/document/6487767/
6487771,https://ieeexplore.ieee.org/document/6487771/
6487772,https://ieeexplore.ieee.org/document/6487772/
6487776,https://ieeexplore.ieee.org/document/6487776/
6487777,https://ieeexplore.ieee.org/document/6487777/
6487780,https://ieeexplore.ieee.org/document/6487780/
6487781,https://ieeexplore.ieee.org/document/6487781/
6487792,https://ieeexplore.ieee.org/document/6487792/
6487806,https://ieeexplore.ieee.org/document/6487806/
6487809,https://ieeexplore.ieee.org/document/6487809/
6487814,https://ieeexplore.ieee.org/document/6487814/
6487817,https://ieeexplore.ieee.org/document/6487817/
6487820,https://ieeexplore.ieee.org/document/6487820/
6487830,https://ieeexplore.ieee.org/document/6487830/
6757327,https://ieeexplore.ieee.org/document/6757327/
6757330,https://ieeexplore.ieee.org/document/6757330/
6757342,https://ieeexplore.ieee.org/document/6757342/
6757344,https://ieeexplore.ieee.org/document/6757344/
6757374,https://ieeexplore.ieee.org/document/6757374/
6757375,https://ieeexplore.ieee.org/document/6757375/
6757376,https://ieeexplore.ieee.org/document/6757376/
6757380,https://ieeexplore.ieee.org/document/6757380/
6757382,https://ieeexplore.ieee.org/document/6757382/
6757383,https://ieeexplore.ieee.org/document/6757383/
6757384,https://ieeexplore.ieee.org/document/6757384/
6757410,https://ieeexplore.ieee.org/document/6757410/
6757439,https://ieeexplore.ieee.org/document/6757439/
6757484,https://ieeexplore.ieee.org/document/6757484/
7062848,https://ieeexplore.ieee.org/document/7062848/
7062941,https://ieeexplore.ieee.org/document/7062941/
7063008,https://ieeexplore.ieee.org/document/7063008/
7063120,https://ieeexplore.ieee.org/document/7063120/
7418095,https://ieeexplore.ieee.org/document/7418095/
8310224,https://ieeexplore.ieee.org/document/8310224/
910469,https://ieeexplore.ieee.org/document/910469/
910470,https://ieeexplore.ieee.org/document/910470/
910471,https://ieeexplore.ieee.org/document/910471/
910473,https://ieeexplore.ieee.org/document/910473/
910474,https://ieeexplore.ieee.org/document/910474/
910481,https://ieeexplore.ieee.org/document/910481/
910482,https://ieeexplore.ieee.org/document/910482/
910483,https://ieeexplore.ieee.org/document/910483/
910484,https://ieeexplore.ieee.org/document/910484/
910485,https://ieeexplore.ieee.org/document/910485/
910486,https://ieeexplore.ieee.org/document/910486/
910487,https://ieeexplore.ieee.org/document/910487/
910495,https://ieeexplore.ieee.org/document/910495/
910496,https://ieeexplore.ieee.org/document/910496/
910497,https://ieeexplore.ieee.org/document/910497/
913736,https://ieeexplore.ieee.org/document/913736/
913737,https://ieeexplore.ieee.org/document/913737/
913738,https://ieeexplore.ieee.org/document/913738/
913739,https://ieeexplore.ieee.org/document/913739/
913740,https://ieeexplore.ieee.org/document/913740/
913741,https://ieeexplore.ieee.org/document/913741/
913743,https://ieeexplore.ieee.org/document/913743/
913745,https://ieeexplore.ieee.org/document/913745/
913747,https://ieeexplore.ieee.org/document/913747/
913748,https://ieeexplore.ieee.org/document/913748/
913749,https://ieeexplore.ieee.org/document/913749/
913750,https://ieeexplore.ieee.org/document/913750/
913751,https://ieeexplore.ieee.org/document/913751/
913752,https://ieeexplore.ieee.org/document/913752/
918910,https://ieeexplore.ieee.org/document/918910/
918912,https://ieeexplore.ieee.org/document/918912/
918913,https://doi.org/10.1109/lmwc.2008.918913
918914,https://ieeexplore.ieee.org/document/918914/
918915,https://ieeexplore.ieee.org/document/918915/
918919,https://ieeexplore.ieee.org/document/918919/
918920,https://ieeexplore.ieee.org/document/918920/
918921,https://doi.org/10.1109/4.918921
918924,https://ieeexplore.ieee.org/document/918924/
918925,https://ieeexplore.ieee.org/document/918925/
924849,https://ieeexplore.ieee.org/document/924849/
924851,https://ieeexplore.ieee.org/document/924851/
924852,https://ieeexplore.ieee.org/document/924852/
924854,https://ieeexplore.ieee.org/document/924854/
924858,https://ieeexplore.ieee.org/document/924858/
924859,https://ieeexplore.ieee.org/document/924859/
924860,https://ieeexplore.ieee.org/document/924860/
924861,https://ieeexplore.ieee.org/document/924861/
924862,https://ieeexplore.ieee.org/document/924862/
933455,https://ieeexplore.ieee.org/document/933455/
933456,https://ieeexplore.ieee.org/document/933456/
933457,https://ieeexplore.ieee.org/document/933457/
933459,https://ieeexplore.ieee.org/document/933459/
933460,https://ieeexplore.ieee.org/document/933460/
933462,https://ieeexplore.ieee.org/document/933462/
933463,https://ieeexplore.ieee.org/document/933463/
933464,https://ieeexplore.ieee.org/document/933464/
933465,https://ieeexplore.ieee.org/document/933465/
933466,https://ieeexplore.ieee.org/document/933466/
933470,https://ieeexplore.ieee.org/document/933470/
933471,https://ieeexplore.ieee.org/document/933471/
933474,https://ieeexplore.ieee.org/document/933474/
938367,https://ieeexplore.ieee.org/document/938367/
938369,https://ieeexplore.ieee.org/document/938369/
938370,https://ieeexplore.ieee.org/document/938370/
938372,https://ieeexplore.ieee.org/document/938372/
938373,https://ieeexplore.ieee.org/document/938373/
938374,https://ieeexplore.ieee.org/document/938374/
938376,https://ieeexplore.ieee.org/document/938376/
944654,https://ieeexplore.ieee.org/document/944654/
944656,https://ieeexplore.ieee.org/document/944656/
944670,https://ieeexplore.ieee.org/document/944670/
944671,https://ieeexplore.ieee.org/document/944671/
953471,https://ieeexplore.ieee.org/document/953471/
953472,https://ieeexplore.ieee.org/document/953472/
953473,https://ieeexplore.ieee.org/document/953473/
953475,https://ieeexplore.ieee.org/document/953475/
953477,https://ieeexplore.ieee.org/document/953477/
953478,https://ieeexplore.ieee.org/document/953478/
953481,https://ieeexplore.ieee.org/document/953481/
953484,https://ieeexplore.ieee.org/document/953484/
953487,https://ieeexplore.ieee.org/document/953487/
953488,https://ieeexplore.ieee.org/document/953488/
962283,https://ieeexplore.ieee.org/document/962283/
962285,https://ieeexplore.ieee.org/document/962285/
962286,https://ieeexplore.ieee.org/document/962286/
962288,https://ieeexplore.ieee.org/document/962288/
962289,https://ieeexplore.ieee.org/document/962289/
962292,https://ieeexplore.ieee.org/document/962292/
972135,https://ieeexplore.ieee.org/document/972135/
972137,https://ieeexplore.ieee.org/document/972137/
972139,https://ieeexplore.ieee.org/document/972139/
972140,https://ieeexplore.ieee.org/document/972140/
972141,https://ieeexplore.ieee.org/document/972141/
972142,https://ieeexplore.ieee.org/document/972142/
972143,https://ieeexplore.ieee.org/document/972143/
972145,https://ieeexplore.ieee.org/document/972145/
972147,https://ieeexplore.ieee.org/document/972147/
972149,https://ieeexplore.ieee.org/document/972149/
972150,https://ieeexplore.ieee.org/document/972150/
972151,https://ieeexplore.ieee.org/document/972151/
972152,https://ieeexplore.ieee.org/document/972152/
972153,https://ieeexplore.ieee.org/document/972153/
972154,https://ieeexplore.ieee.org/document/972154/
974540,https://ieeexplore.ieee.org/document/974540/
974542,https://ieeexplore.ieee.org/document/974542/
974544,https://ieeexplore.ieee.org/document/974544/
974545,https://ieeexplore.ieee.org/document/974545/
974548,https://ieeexplore.ieee.org/document/974548/
974550,https://ieeexplore.ieee.org/document/974550/
982416,https://ieeexplore.ieee.org/document/982416/
982417,https://ieeexplore.ieee.org/document/982417/
982418,https://ieeexplore.ieee.org/document/982418/
982422,https://ieeexplore.ieee.org/document/982422/
982423,https://ieeexplore.ieee.org/document/982423/
982429,https://ieeexplore.ieee.org/document/982429/
982431,https://ieeexplore.ieee.org/document/982431/
987077,https://ieeexplore.ieee.org/document/987077/
987078,https://ieeexplore.ieee.org/document/987078/
987079,https://ieeexplore.ieee.org/document/987079/
987080,https://ieeexplore.ieee.org/document/987080/
987081,https://ieeexplore.ieee.org/document/987081/
987084,https://ieeexplore.ieee.org/document/987084/
987085,https://ieeexplore.ieee.org/document/987085/
987086,https://ieeexplore.ieee.org/document/987086/
987087,https://ieeexplore.ieee.org/document/987087/
987088,https://ieeexplore.ieee.org/document/987088/
987089,https://ieeexplore.ieee.org/document/987089/
987090,https://doi.org/10.1109/4.987090
987092,https://ieeexplore.ieee.org/document/987092/
987098,https://ieeexplore.ieee.org/document/987098/
991384,https://ieeexplore.ieee.org/document/991384/
991385,https://ieeexplore.ieee.org/document/991385/
991388,https://ieeexplore.ieee.org/document/991388/
997845,https://ieeexplore.ieee.org/document/997845/
997846,https://ieeexplore.ieee.org/document/997846/
997849,https://ieeexplore.ieee.org/document/997849/
997850,https://ieeexplore.ieee.org/document/997850/
997862,https://ieeexplore.ieee.org/document/997862/
access.2023.3244127,https://doi.org/10.1109/access.2023.3244127
access.2023.3264531,https://doi.org/10.1109/access.2023.3264531
ams57822.2023.10062313,https://doi.org/10.1109/ams57822.2023.10062313
bcicts54660.2023.10310717,https://doi.org/10.1109/bcicts54660.2023.10310717
bcicts54660.2023.10310734,https://doi.org/10.1109/bcicts54660.2023.10310734
bcicts54660.2023.10311037,https://doi.org/10.1109/bcicts54660.2023.10311037
cicc.2019.8780375,https://doi.org/10.1109/cicc.2019.8780375
icmmt.2012.6230014,https://doi.org/10.1109/icmmt.2012.6230014
icmmt.2018.8563676,https://doi.org/10.1109/icmmt.2018.8563676
iws52775.2021.9499563,https://doi.org/10.1109/iws52775.2021.9499563
jssc.2005.847327,https://doi.org/10.1109/jssc.2005.847327
jssc.2011.2104553,https://doi.org/10.1109/jssc.2011.2104553
jssc.2013.2265494,https://doi.org/10.1109/jssc.2013.2265494
jssc.2017.2689031,https://doi.org/10.1109/jssc.2017.2689031
jssc.2017.2759116,https://doi.org/10.1109/jssc.2017.2759116
lmwc.2010.2056675,https://doi.org/10.1109/lmwc.2010.2056675
lmwc.2015.2390534,https://doi.org/10.1109/lmwc.2015.2390534
lmwt.2023.3259106,https://doi.org/10.1109/lmwt.2023.3259106
mwsym.2004.1338936,https://doi.org/10.1109/mwsym.2004.1338936
tmtt.2022.3223953,https://doi.org/10.1109/tmtt.2022.3223953
tmtt.2023.3289070,https://doi.org/10.1109/tmtt.2023.3289070
tmtt.2024.3367882,https://doi.org/10.1109/tmtt.2024.3367882
tthz.2022.3220596,https://doi.org/10.1109/tthz.2022.3220596
twios.2017.7869771,https://doi.org/10.1109/twios.2017.7869771
wamicon.2019.8765440,https://doi.org/10.1109/wamicon.2019.8765440
